Packet_Size,Duration,Src_Port,Dst_Port,Protocol
-0.3687319307892756,-0.20249825848063302,-0.29606952436294687,-0.40815345706550676,-0.7830875857069926
-0.9451811604135645,-1.6016040288373354,0.3789187438100051,-0.47102876571055813,-1.0894317201905372
-0.5595845798000344,0.6602627781299358,0.14672150417106858,0.19109333016673524,-1.0694002525880406
-0.27245396638343466,0.060602113043678955,0.1363939140917927,-0.5130943561220381,-0.7683127005794086
-0.41217689293650256,0.17033150268776917,0.10614338931617397,-0.8809099737030781,-0.4351272562128942
-0.6660647707115606,0.2473338947544635,0.14781743964634128,0.3547423822866137,-0.5488889219245892
-0.07344120837838815,0.623197602096666,-0.7321703441174049,-0.5235304482334023,0.13251756945588047
0.20098202821107872,-1.142025039635148,-0.7722438147693518,0.03114560925028848,-0.10406880821707426
0.0938533767257291,0.9805896138613137,-0.07898615168514955,-0.27097524958453434,-0.63190361339992
-0.1965158945395735,-0.2127412425132341,0.2446595534435667,0.19643849463658514,-0.22969984526239495
-0.99249894959076,-1.3326429772889987,-0.6605193704582678,-1.3371189348390333,-0.8493138777378633
0.2981381770330127,0.11560990105050992,-0.6745690612490833,-0.13153265669559103,-0.7473841622192472
0.29058966036322226,0.19936981914979862,-0.9987196023379918,0.6835667048592929,1.0623196812630828
-0.07095976910893328,-0.4618625433963011,0.10076119105452845,-0.07252439044792697,0.6729252498918427
-0.9104092007408812,-0.2340730867439277,0.4095716479952329,0.12102384372489906,-0.7358332256242134
-0.5915891767052278,0.4720879558033004,-0.6234100970505424,-0.6608734228333556,-0.001303492786291527
0.379784399191823,1.1370404209065603,-0.40320519523819576,0.3509604004797839,-0.34266785921918896
-0.34105755985176056,-0.9975188258732061,-0.6974335713237074,-0.42159157922776663,0.2388664022633477
-0.20527051832785653,-0.9066280790864062,-0.2775855114103169,-0.04572329998627291,-0.6843295901870597
-0.23875240239881135,-0.8544319933319963,-0.06826887507985706,0.4289577020007422,-0.14625914802424284
-0.14494953310782124,-0.6159097312195342,-0.7240817685539477,-1.0092141253624356,0.7836326640735474
-0.9094710584873044,-0.7800505749939459,-1.2432203176736396,-0.48361284227902096,-0.11681693046243903
-0.7437157944419667,-0.8309799177182566,-1.2976797402896516,0.5282046270869899,-0.38535763203931167
-1.4689240908794161,-0.018993660761792264,-0.42147725412230935,0.3470321476093258,-1.6455126000868174
-0.7048675404696871,0.28234042871091525,0.7689819679940274,-0.033383420520119875,-0.7953529577470763
-1.1656429114615083,-0.7192596531019917,-0.18077917261245804,0.2909374108415059,-1.2101801270641497
0.3893379463442685,0.5536056800288581,-0.8150544251092919,-0.2360834391536059,-0.8225812173898323
-0.18418688901259803,-0.8577962593958153,0.30034634028811746,-0.724091524227729,0.18842521380359734
-0.017689691947985513,0.4538333308194665,0.5653293418388833,-0.34714460847499135,-0.21396369005100246
-0.6541947187958147,0.049491902218982614,0.3291602071154455,0.20081493216352184,-0.18354140777648503
-0.8139373629160698,0.02106995316588442,0.2878690048015677,-0.7127904845684079,-0.3481872911235299
-0.8051435576379641,-0.29385665381787923,-0.41021039226154055,0.15780151836870987,-0.18726084590937528
2.5947213181573927,2.3745726212005986,2.866259213088773,3.194905721696209,2.6549464780832692
-1.6265325130324348,-0.15505789419345015,-0.6000517326189185,0.22783322386888577,-0.9231714056073798
0.4424735767158009,0.21162144571985908,-0.07811348560622941,0.4466998229381183,-0.39020875650520737
-0.11307503773294064,-0.6407503231170464,-0.735166239537321,-0.4855457825532267,-0.1393597018861647
0.1103394090543232,0.3653325627843545,-1.0434081961919897,0.5046312556430527,-0.4221483007648478
2.3965133931655176,2.1355260533966733,2.143989829071464,1.2070025146276575,4.338625252878868
0.038076231323518846,0.28107941601517805,0.001500695407886801,-0.27232197034241495,-0.1983294728559207
-1.3994951441511838,0.5110174359036181,-0.1721415932396339,-0.9715406764956079,-0.0283222260957174
-0.911608028860653,0.06535209518412154,-0.49864248125728816,-0.9932053093471876,-0.12468318747646957
1.1825620827636243,0.6299044402225081,-0.7143421329476944,-0.629214690653429,-0.5163041709805658
-0.4776198981255876,-0.402076779239068,-1.5841948873375507,0.010132475394779687,-0.04892372995926415
0.0010683135638441589,-0.6759558023589176,-0.6203829151113472,-0.9289255104082907,1.1531803907964067
-0.04121777462367693,0.05778968353460178,-0.14624967982476722,-0.07741429495090311,-0.528697633489549
-1.055678764290759,-1.2385795282987084,-0.24801191160996575,-0.045476974340268435,-0.28914716337783647
-0.09247684848574604,0.37414906071160625,-1.6212509154355133,0.3108755300109178,1.084597057372783
-0.9387627357343313,-0.23028066198743175,-0.4798586237809353,-1.1300540598290967,-0.3059291241344123
-0.23362244303934712,0.32728297581887156,0.24408192224041628,0.16672880083398156,-0.6373039958423123
0.21679911944091948,0.45436858139943964,0.4613984309223732,-1.267031199201632,-1.1459828240253433
-0.18520296401356948,0.2477894607069692,0.18980027245405065,-0.17287919086583411,-0.8320820243406865
-0.09186265875668427,-1.007658383102719,0.49809372130374574,-0.6341906587456633,-0.7261663722686722
-1.4386068665685736,-0.33824923690927083,-0.4222284055823625,-0.886050962773976,-0.5703350160515256
-0.21022506340967997,0.03283430754425176,-0.4788933325906025,-0.10388864407545334,0.3696536358958994
0.4391224216975909,-1.264457696796507,-0.7446456824620776,-0.6158811391473625,-0.01901013458609621
0.056363797537813703,0.4327726968094046,-0.061587068251389536,-0.3832996552895286,0.3658193172735975
-0.6802359723325982,-0.68217256523099,-0.7038357949822837,-0.3886231894181937,-0.035694041118532326
-0.16271707865055343,-0.934750843382698,-0.46707375337966983,1.4584042219569484,-0.4371796306626156
0.5569648214398061,0.7753615335807386,0.3010762126690546,0.12765737990826573,0.7385774255087778
-0.978822164771792,-1.0427762600309054,-0.5508626397821339,-0.6317424735313658,-0.02763063177954201
-0.395950644275601,-1.4160637610798072,0.14782331997943526,0.03849286370638228,-0.13932272477170823
-0.18149078866043208,0.24454561741660502,-0.02268573740735698,-0.5016652421419268,0.31632074410705074
1.6409122646579835,1.3264743560981989,4.305111421540004,1.1157956817412793,0.06811919486189241
-1.3483924397371811,-0.4966741892703867,0.46889722823763896,-1.0755521687354341,-0.07970551881604591
0.4620967620893712,-1.4729231350044059,-0.38367313796741265,-0.6311261382376501,0.5134621194272604
-0.397963402212268,-0.4222132410021659,-0.5045441544087979,-0.10425901443348234,-0.955172884562636
-0.11616145190054797,-0.7606967188210941,0.4685860308057828,0.8718898049360028,-0.7487876728079939
-0.9527650703139354,0.2615743664813061,0.32408730729602175,-0.5363580691573915,-0.19205441877472995
-0.3886493873461382,0.2604381301858543,-0.06321365438521577,-0.8747300964011312,-0.35307227290381005
-0.06500220932373404,-1.0836524661351443,0.2981622144999196,-0.3922296059549244,-0.5775464385710238
-0.7582604317125781,-0.44059499297211185,-0.18413507560998793,0.31474148294494,-0.08895861679527975
-0.747746067458778,1.4710907525569348,-0.5116615400652542,-1.5527774675240822,-0.9551609931161489
-0.2764209278083594,-0.3093746055928571,-0.6519546893983055,-0.41586784606568944,0.5273502994501784
-1.3077633740659067,-1.1941108442804027,0.2677418133425807,0.33862678428344145,-0.5902335667891119
-0.020527208483813095,-0.7718047954422198,0.02176968520846683,-0.2675307215992114,0.031814333227514646
-0.39487901824193955,0.20126878398861336,-0.2114633051643898,-0.5135880200922227,-0.4920432869004434
-0.5410767040977205,-0.35113025586071867,0.3099394189914024,0.32523288269944695,-0.46992606132457554
0.5144799638316815,0.1455596586296142,-0.17831215428040406,0.2573587494923477,-0.9366099350427332
2.2315387994977014,1.8922567006628952,2.674694744230044,2.192970357202945,0.8523219474256836
-0.32772803264517136,-0.9208691275104356,-0.27186878528456404,-1.0031837418896876,0.6742824320739885
0.07196876350958649,0.3882465877666122,-0.6376975086787077,-0.42023611938937666,-0.5353201239855242
-1.1969987891746714,-0.4850383186300135,0.5881642889536449,-0.34499491612426314,-1.1046250953532044
-0.2997831067696135,-0.4299915371668154,-1.170151840094172,-0.48928042433180957,-0.3287418639304405
0.5073837808124222,0.4150839612904622,-0.7857023930925664,-0.770754421127389,-0.5028735318189737
-0.5216118435201453,0.6598627620473824,0.40672658077983564,0.5032848498197389,-1.0136730083595968
-0.20890720036180677,-1.6323727626275102,0.48071519001161983,-1.1306841248738577,0.029136493727513292
-0.49643935344858187,-0.27528989027290957,-0.6498312520589984,-0.22021110137155397,-0.7531790431554245
-1.218669412054038,-0.07894427621041802,0.3096951836046537,-0.45610008655634915,-0.6641996910170281
0.014426963405196383,-0.705117721227869,0.07597332841292356,0.5605752101416941,-0.04864698985687531
0.05144917466599807,-0.5703967889298612,0.28891489003866666,-0.5447843330159028,0.007103319182005819
-0.8275894035903645,-1.3191875159290287,-0.486391519743592,-0.17672137842003097,-0.7397470019631426
0.44294291626072874,-0.22616823257189178,-0.29093489880108486,-0.46959963798184257,0.6301590256011457
1.5164317485431071,-0.33631656111420516,-0.9987827470726005,0.27971992562420445,0.22462236100563088
-1.155896738507212,-1.5052683493584904,0.5136774627899037,0.08949262487341234,-0.18740737273401
0.011294197848740127,0.2090644903560966,0.7047135081823686,0.41408307581658754,-0.7257473750835016
0.45161747299372623,-0.0265306763715464,0.41388220420700317,-0.015607588574276025,-0.46917820582441533
-1.2229140589938206,-0.682443141811094,-0.6841046707148609,0.5318208888175454,-0.8239963363050595
-0.42214304288861604,0.30601487870712707,-0.9162214563524836,-1.1244758064617095,0.056309345679361494
-0.12838256834889,-0.20854484669682904,-0.1880790318256854,-0.4103259903150687,-0.24354517312978835
-0.6233160490537857,-0.7389448825113671,-0.17554148786100066,-0.33703692553366177,0.05260194822386485
2.7516881025438313,1.4198726910584927,2.3007763828594086,1.5383897995746367,3.1631369316196887
-0.24427767790658872,-0.8209193118148853,-0.5159348072513561,0.15743166484640336,-0.5138985136005743
-0.10952328732691759,-0.2617014049371835,-0.9921469429979802,-0.3471822913046639,-0.5573703917130712
-1.4503502988878691,-0.5570911414526785,0.3176334681856257,-0.48309413671693946,-1.1443668260870345
0.10146415962833735,-1.0097155592191875,-0.7143909793969715,-0.6004875190978335,-0.20835536208330263
1.4538372044101466,1.8597189045605864,1.5409921454021627,2.4322600877295426,3.4408132532600075
0.03613796638693323,-0.22194752721576885,-0.11419915991850435,0.07455766558284545,0.5762693089549789
-0.6652745046704093,-0.7518646531060325,-0.23046565203397895,-0.8785990316451926,0.17390821645220836
0.23030917032774031,-0.9099768639408095,-0.27630126520214315,0.5575219639135313,-0.6019403637463991
3.827474606856063,3.2855420521347503,2.155353204609516,0.8866872738162506,3.1434369526909496
-0.08675131703390856,-0.20493159846458406,-0.9611093184888996,-0.3836042105036192,-0.9141383283461006
-0.5711360611386094,-0.04880063118667533,0.10917821757791295,-0.6981506172449656,-0.2612248585673219
-0.6786753444421418,-0.10387003996773285,-0.8409761816035819,-0.8463291499832116,-0.046049658256938616
-0.20271435357208248,-0.009427025714622951,-0.10457157821379223,-0.40490440275977274,-0.4110654473849241
-0.33101348047889323,-0.24093936454680923,-0.630615708985316,0.07214412535950032,-0.41490680130538493
-0.42359427108216574,-1.2431618132118005,-0.1683729547845239,-0.6188098004300288,0.7727075836698573
3.902770746276838,0.9671965807857257,3.5677037582914735,4.302282466149369,4.185525717575919
2.724233849576468,1.3686922935593355,2.548692532299654,1.6149399350194575,-0.5083553930557827
-0.6732767686884275,0.22634836704487404,-1.2036171689176052,-0.41300270626589186,-0.5389400112890846
0.06886179806711921,-0.9610671891505831,0.728429365329043,-1.202165926972499,-0.5589395838970384
-0.5444470358471851,-1.3324697207304306,-0.026638492425514994,-1.073941094997493,0.061575042398524966
-1.5496876787631249,-0.8146509853298282,0.26833691253173286,-0.4307537664149421,0.06771585445481057
0.03703481000172622,-1.12025548308836,-0.7618656306764237,0.45192728370365565,-0.6886283677523195
-0.3639519193442727,0.06888269948784202,-0.4023870271251361,-0.4651786671488162,0.0752902277589253
0.004182924136778636,-0.6635839019358375,-0.8330236128671479,-0.598026945047901,0.4556211853254666
0.6975082291433188,-0.5426471822079512,-0.8828095945954234,-0.7821145168830169,-0.1584823935826781
-0.17991981466244705,-0.7803379727386864,-0.879716869006925,-1.2200244762771157,-0.6763716055609186
-0.9441162634669584,-0.015783407018711983,-0.2617136850053602,-0.5797151933144387,-0.5948321277646329
-0.48265360349491354,0.06369819873132974,0.008490223087992967,-0.33563704394698574,0.008988073332998366
-0.4447419876106721,-0.09616333801958432,-0.3542928392601742,-0.017568428678990607,-0.19415918144235952
0.04200885794497181,0.4431399393111139,0.0831376457253818,-1.0635467915014203,0.2955396443778392
0.3067654615332156,0.004300435786885407,0.37870119006061453,-0.5000365331474999,-0.0986505905381801
-0.8084387127689986,0.5160680021976098,-1.104357004465615,-0.26003620660252363,-0.7860924517895657
-0.8066030876375675,-0.5714350860892201,-0.5771566459713264,0.19918173375707107,-0.290977422453781
-0.10042810493743402,-0.3544538354066448,-0.8786366869190476,0.5560028160823951,-1.371044266348578
-0.8558947265330057,-0.40882366126070246,0.10085667130412497,-0.19153766127713612,0.31580792467174557
-1.1437591483625082,0.242816060543538,-1.3333293638705124,0.2873870555941978,0.2747171103257936
0.2012791479924767,-0.2050563123914283,-0.3178152973735117,0.6062879889962424,-0.6259690631935141
-0.6470825097336154,-0.14002555951645573,-0.5363035122030011,0.14611287886864804,-0.19116273018690838
-0.9487887760870098,0.8993022273402317,0.020064126244458334,-0.3017644956534499,-0.08673245321665583
0.015086390440982393,-0.21032820829248242,-0.9490092670444719,-1.00361973055858,0.37818980278000225
-0.6266957531336547,-0.09869775545725121,-0.4463027971455743,0.2869068424315536,-0.50549069506501
-0.10156525935177904,-1.4035590506414797,-0.44764108786506046,-0.7377923026993608,-0.7294707792803972
-0.23960572218386447,-0.6405766183192609,-0.6568711351502315,0.23822998729587375,-1.4917611214108395
-0.5297106667931971,0.5090946998094344,-0.13200465051669166,0.4006903013277069,0.06145494568104153
0.8255218819078991,-0.42829075545384016,-0.9057680882780996,-0.25664410728899906,-0.34079844534563447
-0.3299139106980815,-0.6444726313857183,0.7586476612094182,0.6608193302830905,-0.9635740555864163
-0.6148612372164194,-0.5294024397791701,0.09590853599306767,1.011672274318419,-0.17913040877604175
0.5875147466832202,0.024083353837335692,-0.26556205378337555,-0.45924646604959235,-0.7056247027605322
-0.039630004375722894,0.5101523187555165,-0.2709700377216993,-0.4705182637200447,-0.5794804981346475
0.272964607679234,-0.47818760789813963,-1.1335485472484945,-1.6789412293717523,-1.2231161455068613
-0.5695798949536521,-0.22699846358798237,0.3793933113412839,-0.9429868385920979,-0.15670450165824834
0.4903954736836878,-0.5169625635515315,0.9302526883290595,-0.4516772070874328,-0.4818159035046303
0.0026203386312653033,-1.255014475204902,0.25428604807536503,-0.6234809682511738,0.13951624675487106
-0.7239043946266984,-0.29164258248017744,-0.09454191183036337,0.8224442454859457,-0.1512261057331103
0.6198099805510247,-0.07357948897251346,-0.9826155491484231,-0.16887731818497898,-0.6485321530100356
0.21787772328734742,-0.19973457120792548,0.37641716141568904,-0.21897482244856903,-0.522777076878944
-0.6521599164324747,-0.9623578262373064,-0.5402787604000988,0.2044451698296361,-0.281619366020848
0.28202149193866793,-0.45016775270212644,0.6876108049024064,1.3924815686601575,-0.22862932017711377
-0.6096766998434636,-0.5554323765039723,-0.9012677531706355,-0.14330766812305737,-1.4212964624995272
-0.4380321038691941,1.7476841734210273,0.1566568905538365,-0.8435023397265733,-0.2635469575607225
3.3207366504150646,3.207853336297964,1.0732715454306803,0.48076797895986684,2.334096235281504
-0.14170108278785842,0.9482141898765241,0.2419783150195366,-0.5231703837116171,0.018499376896404757
0.8632764180130913,-0.9511485824210977,-0.10814176158889952,-0.6258286651529238,-1.154413240097057
0.643374678317322,0.05696676404057556,0.461517874442595,0.40849125516243906,-0.997793119895835
-0.14706533133598232,-0.44355388449958577,-0.7589451623186981,-0.5928313481269268,-0.5674448846028902
-0.04278898930676378,-0.49206267545047094,-0.8452639110966559,-0.011715247979074401,0.221598299527521
-1.2607024408660101,-0.3295303046901466,0.40926125153208154,-0.25759164935711293,0.677377665629533
-0.5639901490966783,1.3744627289265943,-0.36266031990222936,0.5319655395525158,-0.5993507781406695
-0.4744946781386783,-0.5819432156385277,0.33698575744486253,-0.9551509778608411,-0.4269078840455435
2.894400107613599,1.828933209371342,2.7341299173064244,2.7794269413020025,1.907875889760684
-0.517714260950944,0.10915391806361117,0.5099851206445746,-0.7240671170450763,-0.5008787130034941
-0.33860365067814974,0.23857259617966822,-0.10481044520414515,0.3856060737890179,-0.7200502077235673
-0.2211482172850192,0.09373566328474099,-0.6860477588475721,-0.5530150497493463,-0.03149979416764714
3.5243128572863567,2.4520542008175616,2.003786916691552,0.9398626546809885,2.2144793483060536
-0.29877138981767987,-0.3169715962275859,1.016281159079745,0.1376486762545383,-1.2599107187871672
-1.4992446661262737,-0.6416787090791722,-0.5949358192628615,-0.31987430159126884,0.014493862242551083
-0.7843081472968226,0.9636798627749139,-0.6114348835445943,0.3268256963005602,-0.4765939529548597
-0.6563163958636102,-1.262041022218373,-0.5921407335207685,-0.9390483014695622,-0.09608068755404299
0.23227507902452088,-0.6366574263675018,1.2113345659322525,-0.20171072511096316,0.7540049359396142
-0.5091615969295733,0.4286637286136957,0.2644518743585715,-0.5041133197428522,-0.15615957831233226
0.191963138895317,-0.31018376685682814,-0.34652738330843,-1.0237217263103602,-0.5552212061038251
0.30642728305870404,-0.7415225305921059,-1.5242583987430462,-0.17069444636081654,0.4824528359367787
-0.1759469091023595,-0.4968498664490762,-0.8357804080888908,-0.0869797087070937,0.006375278238930068
0.011912411232238384,-0.8921295158443557,-0.14153597905858345,-1.2260194558099293,-0.23174575080234408
-0.29193054265217494,-0.9800607566073646,0.4328291716953027,0.018141380489212756,0.9645771253645565
1.3379764792968807,2.711466696136916,1.345416151384699,2.617017998810973,2.151473407410974
-0.3147959636983597,-0.6129720885907195,-0.6737518683497994,-1.3473946347305912,0.14290050719321032
-0.33568482737618194,-0.8415257479206574,-1.1348021391311742,-0.5195762454070832,-0.21154349999456493
2.084026722659206,2.439889845640136,1.9806450810758833,2.34170002794581,3.6740942696582533
-0.28119431492352676,0.3094373405346643,-1.1467343168202517,-0.8303392032513529,0.3994161592839917
-0.44892971377571056,-0.9434399684466555,0.40786779286024605,-0.22284702902610162,0.203863692395269
-0.7734142069760226,-0.3984520071251478,-0.07143360555461051,0.49215795901580855,-0.6173907338076915
-0.9613499347812617,-0.06625117580546479,-0.5514273511185113,-1.0851581503470207,-0.011411661317671708
0.34422348077540454,2.5904688452745614,0.9428909900567569,5.20703032865198,2.8036137341638177
0.05600107649812976,-0.30695595933774117,-0.08411911810902215,-0.17601512293358468,-0.46524968661127974
0.6975619224973693,0.235722607780569,-0.16674552090682157,-1.1440952633040162,-0.06714235606532296
-1.2353947772034728,0.24668443522387268,-0.5336877029292156,-0.7668336208425093,0.9204062998374001
0.3132369554579073,-0.3488427862388708,-0.010403109934455382,-0.5973199265970771,-0.27578275957854387
-0.17107566143233388,0.5870310879617803,-0.05196334347051485,-1.0059382809113826,0.5674013177644542
2.793403265541725,1.4603948260337847,2.988136743214628,1.809016633732197,2.21580370142166
-0.8888841233358608,-0.17921702668029066,-0.2234450619869867,-1.0985352286440286,0.685969009910983
0.019234487275702643,-0.895606319776091,-0.4780267681151984,0.16169856076592343,0.10312956241877262
-0.13337531876652356,-0.16570726395074112,-0.9377345496198788,0.6350464414891265,-0.449822135254078
0.22749831009874844,-0.7743575721518287,0.4480060395291023,-0.7018214381083305,0.03990626867340831
-0.06237595780999138,0.2136228397249674,0.4921661538873369,-0.13372410233471552,0.3932449289919063
-0.9715574714259204,-0.6469585674323021,-0.0020510105811374383,0.36618656449447623,-0.4493124347169599
-0.4467874606262936,-0.04505342075931562,-0.4234767563696872,-0.14124216447396662,-0.10955036998803878
0.07852305579483881,-0.8368837563659773,-0.0906405019046613,-0.499229345978635,-0.4261682391401269
-0.9876574443027646,-0.28875847795374787,-0.23710668235966756,-1.6847924363207267,0.27947740890242573
0.009801603902132033,-0.4890801225524433,-0.3070870009175066,0.7124627242050625,-0.28705446045614236
-0.2727935361182004,-0.7048992368893443,-0.5637271947415001,-0.0899017357399564,-0.8783981436277466
0.4632760168050586,-0.04555024545774098,-0.38454181320128455,-1.166364046572414,-0.8382082394627228
0.21903859051246655,-0.20817914308429591,0.9978512240745725,-0.12951695642962616,-0.4139014222843121
0.28366139662126705,0.1413863552902028,0.15985797021099682,-0.13535249177924416,0.7610068106825131
-0.030617643942832586,-0.6611653767236093,-0.5041860342589627,-0.7302803449019588,-0.7857824600692864
-0.06804299287021318,-0.4557983564221713,0.3462256406766662,-0.4568458707523071,-0.2873296435204883
0.26915603573138247,-0.6322585859876191,0.2877364473705352,-0.21504586995652736,-0.5087473826169552
3.5367959221150924,2.489341571058786,3.7884411050599938,3.146798412312713,1.8444468758201877
-1.4650091586157092,-0.8125955143544336,0.09681198256706734,0.10411235709963089,-0.6240957735923605
-0.42287852643880697,0.04294550047381061,-0.45070662768703335,0.3359369959173808,-0.547061222214897
-0.46125365330288515,-0.12798501337850826,-0.8130042251098012,-0.5687902169138332,0.59136198577365
1.2046523011388954,2.15866741745783,-0.3356170756612172,2.458824537034693,1.3413951289076271
-0.025234241038453755,-0.19232045261034303,-0.4614679830782681,0.29935230694977727,-0.20999460304335515
-0.12949017148314834,-0.9571916188877382,-0.21845718168749262,-0.14636908709856178,-0.4221331259020061
0.1598227593551034,-0.143936278431123,-0.9371512624751529,0.21230976936008247,0.37790783028449404
-0.3500092251749546,-0.26582886383777987,0.2791682363009581,-0.6131903435679972,0.07306840465748009
-0.3579824599844833,-0.8639705783294815,-0.264405734275034,-0.9150562926916659,0.12188762637538793
-0.3090695653505063,0.39324178831990975,0.29303163410517563,0.3753446850195486,-0.29077221533571124
-1.1242679176626489,-0.8936726323928933,0.03528246050860996,-0.8159967702081958,0.26670703490535697
-0.0983818803032756,-1.4468318924454602,1.1113166786797284,-0.017243055103116394,0.12215850743658682
-0.4427839534837041,-0.9568743537218023,0.037298048478910134,-0.592743913081581,0.05684130368084578
0.5739766231458008,-0.698362637606722,0.03042975510478711,0.14448746439031945,-0.12478166548106938
-0.9220462496363956,-0.6009751954500301,-0.8437237542185806,-0.4772587706002464,-0.7524785553732769
-0.5525419574813643,-0.6928919688688876,0.2606397048030365,-1.016765229069388,0.35896875567500247
0.10003097837205627,-0.4261717195571025,-1.1301602918004852,0.20655587464810307,-0.9920597480394189
-0.6085173501916834,0.07303374995154607,-0.7240386424973517,0.265148832700131,-0.6948655457098201
-0.5953728966585063,0.18630960035599614,-0.7959073284887127,-0.3287636857162441,0.5575269201946563
0.22045710836334736,-0.4323982938816269,-0.32798093402631795,-0.9625196034553498,0.18790833210294924
-0.043969158662496635,-0.5718845306251725,-0.012299022835499948,-0.1584128545070054,0.664078701171758
-1.2273228815029287,-0.26173120323796684,-0.5580322202314384,-0.23074926695978729,-0.0144253988265334
-0.5221649420392489,-1.0211438275857405,-0.4883060445436533,-1.0501169371638281,-1.366923287422233
-0.5380264862109463,0.2620321540957189,-0.2530222872641645,0.5784652183856603,-0.7183000312698854
-0.8591343272796444,0.7527481931259701,-0.17537152953354812,-1.1069963129944933,-0.5771433489752374
-0.24153792694420748,-0.4976950028637869,-0.1943037262110845,-0.43065488601707796,0.21142057296351052
-0.5276429881819987,-0.7914841000305913,-0.5934008009812675,0.25144416954964316,0.5658222218972215
0.08165963495739156,-0.06674825049141925,-0.39399832787204747,-0.4204806924049521,-0.24083474272058955
-1.1930461558455825,0.009915256823863386,-0.5825533399127385,-0.6783958806414944,0.37612006535597436
-0.6050299149350392,-0.6899696284645627,-0.125577841620629,-0.21992618627811425,-0.2984668597944156
-1.218878232534342,0.04158551178197197,1.0580960101984334,-0.4095075520414131,0.5109669930127183
-0.04186755118990149,0.1059993959191649,-0.5041730869674977,-0.8258016888205288,-0.9331199473997901
0.0987361213580028,-0.8890586203446873,-0.9006392210628328,0.1948137401346961,-0.0815312146249511
3.235435806040058,1.0571056349904882,2.3083365525179227,1.0918665386002455,2.225888692445609
-0.7248002954998432,-1.1230082480846362,-0.5978811744025161,0.28885541861792563,-1.0607838262429468
0.13063532769357328,0.03782425216263163,-0.3763751854003176,-0.9389184593726777,-0.07989583945130391
-0.6941720368758234,-1.5698757510791217,-0.48412707398345456,0.47695412577664786,-0.5013902540892149
-0.2833913529853276,-0.9436099009531056,-0.79151735140448,0.33798224153207995,0.9304438166944362
-0.25605328463582855,-0.2693525990272867,-0.3483589664236043,0.36810859934682966,-0.5706563362792321
-0.53652105334552,0.44592271778197445,-0.19029671013225458,0.14670153121227583,-0.8755480275517862
-0.5082497830318713,-0.718247812287156,-0.19163417378430497,0.7274384462947155,-0.11207700154120859
1.1327914379625081,0.07759315502150607,-0.6543860291998373,1.0512705395273,-0.1536387041116849
0.7047659610801087,-0.079431052074463,-0.7832364604863203,-0.8983460835550042,-0.8865492498358533
0.24648638148530097,-0.7118590878286957,-0.04205533155499707,-0.28975188735609575,-1.0536640211148134
1.3034491426954704,-0.5341016024212617,-0.4178756872730403,0.08362009767301251,0.2261720654672656
0.558431586011741,-1.008293434768405,-0.2478374010488935,-0.000812454177546562,-0.6835289141698
1.3800003893379629,4.746675789202629,2.7162215339080373,2.3470086341416216,2.888380872546539
0.1693147839702865,-1.4290579023238295,-0.5236647014363699,-0.49847890632869823,0.2424028986604965
0.21653212459472052,-0.14733150770290934,-0.405731451033325,0.5633455766938047,0.42147051925813556
-0.48731397528810894,-0.07420639540230904,-0.8352062648399263,1.026697451668658,0.1944655204980108
-0.5589673553431099,0.08721865647304625,-1.2413408062049065,0.13149071795556935,-0.5729480881348697
-0.011275006487529552,-0.9673695844816376,-0.8345836299313922,-0.7413174402276892,0.26462313464000486
2.795219620099832,3.4712707200788415,1.9454594765692232,3.7423254317877785,1.2162888746895506
-0.6275806119636341,-0.013307771465197037,1.0035918010278688,0.3602932447115009,-0.28960459947453826
1.7148529410284277,2.418563473667805,3.133348226601269,3.15706054036886,2.007942711258406
-1.1781536778982342,-0.4873421276241506,0.14575481441162405,-1.2773179029305803,-1.0765428257672167
1.230484585609403,1.133118208719877,4.244381329730259,4.512225246951891,0.6758009326536067
-0.5292160840448744,-0.04608002672491741,0.05125034771055764,0.231896241902874,0.5238726614479814
0.2648302144770417,-1.0750358346085875,-0.12964240894732648,-0.8040127010330052,-0.5926961819556802
-0.8947709215039813,0.1316949094623601,-0.6660984863135568,-0.8174878234452903,-0.05747786972990145
-0.09725327897599642,-0.6637158061188767,-1.2092339952894975,0.007533043438721899,0.17516013612192854
2.0851250646228285,3.9375114768151964,3.3763136147509516,1.783050612008407,3.0081093987307845
-0.710999629776311,-0.758717697975228,-0.46707397234122117,-0.6869402092311983,-0.7176064743042198
-0.873870393777668,-0.3831057095016027,0.6334807379009286,-0.5372707053544783,0.1436067893779477
-0.3422544759315504,-0.9113599173093494,0.4069299140764814,0.052736143552853894,-0.5726652312115421
0.7358071367763572,0.5489729934530613,0.5087378033625608,0.07717370792205686,0.1287127986995963
-0.41273261089621127,-0.1753399814842817,-0.32516777585317264,-0.10453283355668844,-0.5932654745587592
3.8415835272544308,1.8039318393578139,3.9845076144406844,1.9058351702563112,2.706952107170164
0.12538224404372927,-0.43629205331363674,0.44622939232508574,-0.05796682602358245,0.1578590546401872
-0.2692581311057116,-0.8543180198488396,-0.35696462732866013,-0.26400436840219005,-0.02912421417915467
-1.1547858128769217,-0.32067224565059677,0.16331546124673524,-0.14487362648783114,-0.07334647558983302
0.4830047414580639,-0.7312165780596541,-0.5502606042441998,-0.18943656274573173,0.3902657640239321
-0.27030364048745764,1.1020124523401404,-0.4013240656066014,-0.06851317798682355,-0.10548331294158277
-0.7538259519557815,-1.0299885745107655,-0.5480354450373169,-0.8949819394477683,0.1297450637446602
-0.6388989456492423,-1.1157832724729746,-0.189058275670164,-0.5095361439653555,-0.1264082454069016
-0.03470544455416611,0.11047479060629264,-0.11446145893909714,-0.18862580298483225,-0.7975981335467822
-0.20127400432271852,0.17287885998932861,0.41828877741843434,-0.757959618133865,0.01520353961864214
-0.4072669435873864,-1.0442820124069097,0.05549835130257421,-0.0715728321025836,-0.26525404643554085
-0.6856542540499764,-0.5578931614286963,0.2569422455467739,-0.03512518124133346,0.12051289414832664
-0.9672426052216032,0.1307486318521368,-0.250430760050036,-0.3083132394577915,-0.2816516010786474
0.09247428714864563,-0.09862450388232032,-0.16040481653330774,-0.14076674461615568,-0.41543280080591916
0.6642080870767322,-0.18514581692429088,-0.23892208202446671,-0.7399051828589658,-0.6020973054556258
0.4902707640654478,-0.3105158042588411,0.2526717216029526,0.22664948230345036,-0.6404418062081906
-0.49927643204269484,-0.25918781779681477,-0.8175826863025206,0.07454774775521253,-0.6827422210340155
-0.8387834176759037,0.3828113527870732,0.40902414021456546,-0.2948669961780474,-0.058811323144268284
0.2204897186493777,-0.15210746770370695,0.8813222565887316,-0.3978341043840353,0.0936918326548528
-1.1302106036129136,-0.06447382710947243,0.06987082179433106,-0.6428103585747509,-0.1891955433758
-0.26583767847495954,-0.8622916351817537,0.19044723671262706,0.11889425321085088,0.1549278381777485
0.22814322775689388,0.6978423564547049,-0.17912817894245975,0.35730121806529347,0.07349823704950402
-0.6326210105155283,-0.925096901348774,0.1933136697015921,-0.126451499040939,-0.2316418929805657
3.278785435240812,4.584627650807657,1.6004221650742052,0.9650698922438737,4.03094888497606
-0.38107747834734207,0.08126838599312805,0.4216279614944117,-1.2628642907454881,-0.9371071831278246
0.7583315111057234,0.43235432552289543,-0.7834690630526066,1.3128901747221082,-0.5097735042094942
0.039578295617759225,-0.5908064996629148,-1.3332203149353028,-0.5327145035901161,-0.15167312932262178
0.31730105815817733,0.39946392460720187,-1.1673948144239363,-0.45356722009966666,0.046697365219269524
-0.04130725982874998,-0.5096060365785609,0.6246825916357516,-0.29325475680599794,-0.29853482167672685
-0.8470963859790875,-0.18416171081940527,-0.8025402896921351,-0.5840087138837926,0.22758421417675306
0.04398098659476747,-0.5588542670199108,-0.9928678374856382,-0.13795068127592539,0.20506110545105646
-0.18880315489883098,0.00753232555893026,-0.5416559635974008,0.4640801494070851,-1.3223991421225425
-0.5172051471160423,-0.8792509253508988,-0.024307384512486978,-0.3402651963735361,0.5331321496721733
0.22543061606076553,-0.11156268937898282,-0.09518780595762262,-0.013490086098457895,-0.5312618931537858
0.06804795559039574,0.07173480897322018,-0.04869939018340349,-0.4676686968944051,-0.09884919800597347
-1.4212141252674306,-0.06135132790270594,0.30999597999106976,-0.39457742454611383,0.14810477473251027
0.3041054004661493,-1.2353729334771366,0.3444900225366298,-0.8552787407816622,-0.4050219000292412
-0.3330072146809547,0.8547499256276062,0.12599550566425102,-0.33082696583811994,-0.500292745669505
-0.9945604847024702,0.3643726706089497,-0.8838888132312962,0.5446898344167382,-0.3369952097224495
-1.4396707389727137,-0.6541012373848288,0.18285131799266235,-0.21233358403316702,0.07158965454328235
-0.6305981843694155,-0.5386349365859027,-0.31859700513130257,-0.2940033122897949,-0.278927329817051
0.2288293335354274,-1.1113472314301698,-0.11232888142259016,-0.15778801823831032,-1.197783723396599
0.2059451799161087,-0.2941670966874797,0.37576285541367527,0.2566524966873942,-0.3204178771495611
-1.3002306136007382,-0.9807735354470379,-0.7684437435417153,-1.4452469637228513,0.06700956695137858
2.197097403519462,1.7508287913088545,3.299514223530281,2.0827507483539733,1.0975976516827268
0.9668943590692158,0.07700023703906014,-0.4503480049254562,0.8875882080040963,-0.04388412816891118
0.25931886532440573,-0.20657620547795924,-0.5323875072245722,0.9676399793371055,-1.514536718327399
-0.22793302475670293,-0.1529133388252394,-0.019645863025300483,1.1056310083478063,-0.1612475618407694
0.7063717622922001,0.5072970163513161,-0.18324830780030596,-0.5703504255786679,0.11158107092422409
-0.5930986161622704,-0.18283379080088416,-0.279749574881826,-0.3159769780203019,-0.940445503227263
-0.0655565199426566,-0.03691072499575972,0.4350882614623845,-0.8445615562874415,-0.7833625171774101
-1.1419309158533315,0.9454443872877799,-0.3827763305131374,0.17962982323947857,-0.8007369909667417
-0.15988858510829332,-0.09767456044139815,-0.6750440433367303,-0.3265731773345752,0.5602359400103416
0.03713635257343524,0.07950399217741441,0.003690525117551758,-0.6447364986118055,-0.675807872315775
1.7727521828138353,2.058056083966759,4.742206579766542,1.4331935510933203,3.4472338762539536
-0.3343526849749764,-1.2392356258115138,-0.5698509546754378,-0.7796864874720116,-0.641586618241957
-1.1797972210945173,-0.15673298525268498,0.3445390247960141,-0.23301646175000001,-0.40337343594651387
-0.7445651097437489,-1.2332782069508308,-0.05379735327844211,-0.16312590286525958,-0.5533625040284594
1.953194816053688,2.0410353671181243,2.0739720061008096,3.0075929409696163,3.0095527496868963
-0.43930935827980977,0.24613645970857068,-0.8015383470299294,-0.3162934401682887,-0.5332780064758385
-0.7560878368830398,-0.06804306408194738,0.8872592445784728,-0.15948382893706928,-0.12968443369799884
-0.3254397017751659,-0.610169843798547,-0.17274586561855557,-0.30025155574280227,-0.8046143313693644
0.7155184943941595,-1.0270243483708918,0.32873019672598,0.30215958563008455,0.016493570259815925
2.3809500653046807,2.9895496068372323,2.923267173230239,2.669854189819914,3.709952760260616
0.39670701994939195,-0.3122089871719084,-0.5426711029602027,-1.1113167542836444,-0.744465136846773
-0.17503772569796827,-1.058185548504606,0.23769792271098358,-1.5652228962044992,-0.5144064468040533
-0.06725303290606845,-0.8559068682199963,0.4294718134009492,-1.223262900957264,-0.770864805996417
0.7131211909145884,0.1876149775839245,-0.18050519312903168,0.9351742364160341,0.3246395628252443
0.35555180782436097,0.004693850344588132,0.29467907471705135,-1.7035890922900676,0.13919894564377336
-1.1357173536027874,0.0066813745997011155,0.3209770359579064,0.34762879610899716,-0.4338487860283871
-0.21319458877754915,0.303375687432747,0.45085799824325273,-0.45185658838755827,-0.44187518015742017
0.2620716579257357,0.21005758888078352,-0.6634092037136066,-0.733866589223576,-0.33487860751746196
0.020246369902218172,-0.7291950324161515,-0.26890687568241056,-0.5338676434641858,-0.39497520261150343
0.8812091387913372,-0.6021043884617385,-0.6563873664012937,-0.10703877836900715,0.16711093645742361
-0.9582686642753067,-0.3967825970467078,-0.2768653572056866,-0.6980964199780408,-0.42807197493113003
1.2957204355491851,3.577959767470225,2.9755370812264297,1.9912709447320227,3.8893485899692557
-0.8591588314503801,0.5143180852929665,0.11896337414577311,-0.8133958304478213,-0.13539723885303684
-0.6060179233463487,-1.0480922229146523,-0.30364831788668556,0.030561009251847696,-0.6387355763219583
0.48575896971526794,-1.444022704457054,0.30402113704897915,-0.5663506982392162,-0.5235725594719537
0.5925921914651268,-0.2968554485678716,0.2873896455809909,0.22995754495032267,0.09929933446630371
-0.4632676303629481,0.4618748947694517,-0.4629155506247994,-0.5630815630660188,0.07081387215948914
2.1760501615475083,3.0663858466711393,2.881149999585547,2.046310883080912,3.526936499300197
0.9049132689312573,0.06898124126189832,-0.22856000771069004,-0.03537622190510352,-0.056457020915342035
0.4968433364499646,0.10268893676534985,-0.131085974234862,0.773294328465709,-0.8438337049134651
0.17066192541438016,-0.5302372060453776,-0.5132622979921448,-0.15534126190365638,-0.20982534499599487
0.324812352901345,0.44781584334336866,-0.5018344520026187,-1.0710502704623615,0.9565081572684669
-0.006059816047783149,0.2661935806835926,-0.5861342601722223,0.6525395317677287,-1.5196291916538882
1.5440423473217852,3.3033014238659235,2.308898259379031,0.915814764357854,2.8724142510255786
-0.7895993833139671,-0.974048285627624,-0.4846183808078192,-0.9588856330275003,-0.3825349604263344
0.02828223780306309,-0.9633584216742843,-0.8411075759417703,0.6215751005296831,-0.2073591910622698
-0.606253931185687,0.15476931233605737,-0.9501401758858833,-1.3566005236063088,-0.0774386481032414
-0.19792391649643296,0.5963229426100347,-0.16659397215697286,0.4540494556236177,0.22528700223047968
-0.06831642935104405,0.09462611165476409,0.1407029972716676,-0.7464643509223997,-0.47932609330204023
0.04137664251362959,0.5158374328842521,0.847639451573124,0.5136439105019672,-0.9273534316152516
0.307586732959272,-0.6041784783875854,-0.2517791893070769,-0.5567599295421493,-0.6097076966614108
-0.46635051124498716,0.33358452484598555,-1.4335295960135799,-0.6666410159613156,-0.5605089404162916
4.183206060311824,4.108114116699358,3.1455919556020553,1.7851857711782015,1.2137903942071426
2.240455581283977,3.077885465008602,1.3039504859507351,1.4850777830068174,3.2657701027975246
-0.09406092995141344,0.34812103979159026,-1.241619541139431,0.2580684259153149,-0.5146482988341973
-0.7743607738991694,-0.9704542547275894,-1.4456437645482008,-0.4768884724313259,-0.3883047616452865
-0.040812621897297605,-0.12742528524426686,0.3723352736184118,0.6687660038310169,0.13808477990313828
-0.22122364289422716,0.24302006020335884,-0.34403203648416336,-0.9243722408100115,-0.5459217207035341
0.025242154851693982,0.14875958867784037,-0.5441857617570609,-0.3238980178917816,-1.2125890725006847
-0.32121910289329786,-0.2979269192231275,-0.32426502754142955,0.1465087594015339,-0.023307473799764552
-1.3041246745020665,-0.12533837426616604,-0.8766366065512533,-0.5956313108194841,-1.032388351657698
0.697594258228228,0.3025849717099418,-0.8803190372168961,0.12255637980703457,-0.07630034244934718
-0.3844650087052368,0.43168686801822925,0.31011334425886516,-0.8190592540625229,0.2726138266570898
-0.09824788661506159,0.07878744629255784,-0.8434915673447932,-1.1174190784241227,-0.5050242115919881
0.3187242251757905,-1.0229012765273438,-0.26231097973126366,-1.141135608336622,0.3551702253909537
-0.2971749223452441,-0.327306445148902,-0.7062988595483225,0.11170312160853561,-0.4372895663581528
0.25059104477929023,-0.5563864341355569,0.2011243549956024,0.3131595921797558,0.9606965859342435
0.21952426750930798,-0.5562190273931498,0.44708257846489974,-0.4305305663368815,-0.5896601601899324
-0.11873524204241614,0.6083051297738962,-0.5372010814543887,0.08265142334032693,0.22979174747070633
-0.19049553883120085,0.09065717294346617,-0.8570556624681458,0.4415698222829891,0.6795101175855361
3.743016305919402,3.3041658319746054,2.012968268113354,2.781323270845732,2.619190800621096
0.42017421250483256,-0.5458637359199744,-0.870654040575556,-1.391134667070161,-0.9691062322756037
0.39459993369222474,0.4662424305151347,-1.1187616632890707,0.6429484945573133,1.148795806120672
-0.74150118886456,-0.12130009571094329,-0.03392888529758678,-0.963580051712459,0.030598408497259432
-0.8057528260669786,0.6253479527844154,-0.7645725901367544,-1.1107485946042979,-0.29537186679835675
0.3784027821895503,-0.3608725437421094,-0.2917087834346176,-0.39390264726125795,-1.047872633782888
-0.4298782948129533,-0.2925918320151919,0.4505824714386299,-1.4594788606626485,-0.2188686959867277
-0.4552745738375301,-1.3463017897792915,0.24176728935882597,-0.7690397846661098,-0.6393892138204771
-0.7650490907840582,-0.9148784437211716,-0.10352875658277151,-0.2952455363469517,-0.12786397614585523
-1.0272743657760124,-0.2795841124722695,-0.5034853525520259,-0.5180424826207004,-0.9550028365117799
1.7021579004925411,2.6010770122826012,4.048011769134602,1.8413111168590228,3.2481541593322785
0.8033434823307839,-0.34456215719889405,-0.637544210716982,-0.061859552109585283,0.41918947973432613
2.5809954099830708,0.84693138816545,2.926095696332536,4.654230124326161,2.3399120414229295
-0.441751430016352,-0.40367142509881965,-1.2628255308751826,-0.1929757889233321,-0.5479944610335993
-1.2607193339521074,0.19809671952464042,0.3262566884355582,-0.580579745594961,-0.297501277500273
-0.07063731254999761,0.14502954846028668,-0.32914673397599425,-0.9853750308218518,0.07115874054165748
-0.6421332208095827,-0.7839906324311544,-0.4842124278553731,-0.2823161107161426,-0.05493980715791061
-0.36915557763005924,0.3974776585301641,0.6683285747057055,-0.1142252236180195,-0.10180356896343103
-0.06918388210103885,-0.4821663278907569,-0.23675998715611288,0.5048209847602244,0.282735597223546
-0.8686608659383273,-0.08255048769902146,-1.3044679713624614,-1.3559116598110839,0.0651163990583579
-0.1456869908004138,-0.4799161583041054,-0.33890317342533666,-0.16839891522813868,-0.45995693689998907
-2.180723596040212,-1.0244729235121566,-0.9232257648779053,-0.7871037569297475,-0.05996960410010932
0.2130287588081529,-0.5204973245100641,-0.7607928647235612,-0.9852086311671191,-0.8430845523059901
0.652562040515891,-0.5015740068089467,-0.2932563142334682,-0.7267782493781574,-0.9275038834485213
-0.5430366845567964,-0.2920204213560515,-0.821746356205734,-1.2856259271265087,-0.39903484087994484
4.092748866430333,3.831882241906839,2.051231082843176,2.919306486586906,1.046363358809198
0.2390199761911136,-1.1490434308022344,-0.7247425149332465,-0.3560391544916546,-0.9320584198237055
-0.49166227479641816,0.09130659696505336,-0.6516253931824766,-1.429737436106892,-0.9345347895418149
0.26626662835615617,0.04292228501283779,-0.1989410012501094,-0.2724762040873672,0.2920621380347798
0.5189063471517762,0.02716814432516,0.37400139089751216,-0.6046030054086231,0.19985825649279318
-0.0825570453153639,-0.06970136587661661,-0.24467016273852052,0.5877504780704307,0.6347848351464025
-0.5078907908345172,-0.6101840603634491,-0.07427868170589587,-0.14030706792659567,-0.29446481044549416
-1.4052053304528125,-0.6741964901876022,0.4287529793036443,-0.018167602578566252,0.83968759110122
-0.8638996375269262,-0.4657434415944346,0.4017197550134206,-0.008461373430337753,-0.48343291813429723
-0.15772194923434485,-0.4823638470635309,0.06793385112071065,-0.8260064421266591,-0.48379081921963885
-0.28660280299210633,-1.0140516442447327,-0.09456484665787844,0.14750066107140086,0.06413324530406381
0.20751868307691437,-0.27573394988893757,0.2379533888150001,-1.2210328203265806,1.1818453836620968
-0.10347995856162559,-0.03172378850645654,0.08320737512759822,0.3532161398123244,0.30920511295396985
-1.136270882263868,-0.8677915781668231,0.07919124536532388,-0.23610728825548502,-0.14470857767045026
-0.5362938956486965,-0.11606401438802658,-0.32301471815650856,-0.20247496165620413,0.010876738405490718
-0.3276633712969085,-0.48905358992952364,-0.8687435197666386,-0.4392985242363435,0.2623053398227271
-0.021563259788344773,-0.14358233462003867,-0.3630029759182317,-0.9912071292814855,-0.47842685404474283
-1.047822954901654,0.34882143864922205,0.393250225324745,0.2235940725187966,-0.24388763357138202
0.03286701171782902,-0.33372911043554865,-0.9439936355760895,-0.47818232238978303,0.6650365794565138
-0.041143606134637564,-0.8634396393321216,0.38868550022668613,-0.20276518130082544,0.01751543116561309
-0.3169374911751078,-0.7888864346675378,-0.32428390053849304,-0.314823829692401,-0.6651295903918407
-1.476435314388139,0.09635548746956796,0.01562399849161972,-0.580873973646278,0.10456633747310948
-0.8340397122604499,-0.9426458382546977,-0.07352593174311792,-0.6898052706582315,-0.36178792807464577
0.30871941290658306,0.18211470289125312,-0.8403101992720146,0.8996027362833009,-0.19866334719555093
-0.4380010690149136,-0.25178829447625023,0.0898224431839013,-0.651271101199916,-0.7512760297546446
-0.8550528359434035,-1.2667015762122538,-0.38633118227562985,-0.5095561918512157,0.015542101862125315
-0.15944934900412597,-0.07767264452423485,0.1365919088845369,-0.09134975050598232,-1.3308437162151774
0.1278697607812918,0.3470420673901577,-0.07153456376522592,-0.48461581555624156,-1.4027089346880968
0.20078632141834468,-0.4149352384962021,-0.3379215303497532,-1.0633074588859694,-0.3840337343797209
-0.97298196434886,-0.5459611603410194,-0.4945919858011791,-0.06759265801332928,-0.11862986675025548
-0.5444230966195613,-0.4927590812412817,-0.024694473192350713,-1.846616356849717,-0.28546420280235973
2.230173260692083,2.9611411950403603,2.6681820423927287,1.6445085058334012,1.8915384785778526
-0.5945815866166069,-0.30883904271443935,-0.2618486290562631,-0.810294303207009,0.7477473501793003
-0.8430057777612804,-0.14646695679621471,-1.4018011007733848,-0.26053602533988524,-0.5568372640081484
0.03082928939469799,0.21677880691885798,-0.14856174357080898,0.1911565487923043,-0.025685293811560952
0.5890569728227708,-0.01330060749427187,-0.9886172141929569,-1.4878286214294905,-0.20036875661981784
0.24461521974035344,-0.8666999364958896,-0.5555535927661519,-0.3236454894957854,-0.48138805787523925
0.15010881733698891,-0.6422344466954673,-0.9532377499446635,-0.05348619884133765,0.07610825084575161
-1.290656374397846,-0.4473068801299605,-0.06396138587641739,-0.663124956107066,1.1007184891520598
0.12225298466139707,-0.948994170301138,-0.12362802617987807,0.39665907472340506,-0.24927280248166384
-0.43615426580017885,-1.0377361961891518,0.43137396906746783,-0.6321935452230184,0.22016034748658528
-1.1712500058600215,0.5806116380033787,0.27220022045115416,0.5913843501116539,-0.5829219423352442
-0.9742014415691203,-0.4985503792377037,0.19556915437475716,0.023067527053476235,-0.41027279320303317
-1.0200595118616096,-0.5245609517606648,0.03527936597619991,-0.04744731046977071,-0.5912844905680251
-0.6588289846802897,-0.48453610525433877,-0.15430875151043513,0.619271581151092,0.0587413725763624
0.6774392465291832,0.5585208527280053,-0.4471811588002575,-0.2290655507610916,0.7257041784366689
-0.025699050238869908,-0.1408117462048791,-0.1057167209861296,-0.8191681030602815,-0.6341509252435112
4.387359258203251,3.587703644661139,0.4327258089012358,2.9164136653075263,2.6827979770860337
-0.47792982059782857,-0.11744661678948903,0.10072664484598497,-0.2229140310947146,-0.7863130192192002
-0.40085649645404003,0.3833848613869254,-0.08091351745498157,0.010443549358336517,0.08692601675604421
-0.9224356287121861,0.5732991816126578,0.15667304307802257,0.0026014276923723234,0.24854367505933378
-0.11741523174813341,-0.827710545496044,0.3087526248936647,-0.17183468267787155,-0.23031736242227652
-0.17424489014478586,-0.28592638049925323,0.028041531961153443,-0.638839891315431,-0.9726537085628479
-0.7100262670560705,-0.8949474225022401,-1.2822165181900516,-0.15680458729467492,0.6879726082564814
-0.53931423250333,-0.44420013896368926,-1.0593370568226024,0.7130737878178164,-0.6501255808505347
-0.8421137935246148,0.35644988510144265,-0.7257328927639195,-0.8164284368145612,-0.624248535360016
0.15085753175417496,-0.30584718233016234,-1.1215233787965113,-0.45025489943573305,-0.7747594901647828
0.22126767487696095,-0.07246768237174707,-0.2258689092134936,-1.111844004238476,0.09013981652291841
2.352324817494243,2.191105120184887,2.4543040019529037,1.9968949437207253,4.55238143623285
-0.8604170681425586,-0.10840874362809429,-0.5540352862125237,-1.2511353420886049,-1.0175165887974251
0.3523846615503431,0.14847421594364255,-0.3187138080955513,-0.3718326717159742,-0.4733110516139284
0.6636620740883388,0.9214399254579894,-0.15695361490841986,-0.7789028657356694,-0.30945650007402337
-0.2524107978256857,-0.9230770107916435,-0.6654398013892089,-0.33514225274905646,0.7864060328946461
-0.211071787512279,-0.778860768057678,0.19799361887474254,-0.17674935018523216,-0.13638420661668504
-0.15647122982521394,-1.1615121441360958,0.24480162393397473,-0.9009884595695293,0.5093258209477189
0.29018130591558305,-0.8595767621187383,-0.632774519186134,-0.43679713142484555,-1.5756067412172383
0.43929032816086366,1.041533955983691,0.022900722162541527,0.16811491472753493,-1.2634194146319235
-0.8704248064923858,0.08292101787704631,0.25256196557737476,0.1661871751526527,1.1780035309382373
3.0109869093841666,2.6777250679565507,2.347166518315559,2.7043141002561946,2.4249668072148394
3.762017868767306,1.5809495256637458,1.401225067195007,0.6844688263737655,2.290155911515332
0.10879581401928164,-0.23007641922710628,0.41205966015571804,-0.6545249972718548,-0.4137908645513686
-0.03790067260744331,0.2339883958683247,0.10900633771173454,-0.905079448991274,-0.371430753451045
-0.6843774587037756,-1.173596319432312,-0.038228598144144414,-0.5324562660596028,-0.9304724446022148
0.1762510617980574,0.595531483858077,0.5684016754585451,-1.2558327138028937,0.29693600434256867
-0.7027051852310348,0.20799320695382945,-0.00013924332204436423,-0.4487207863457159,-0.5694018374206059
-1.2531519828299693,-0.6234011552358772,-0.20417276794612693,-0.41237664009148756,-0.2092579251988784
-1.3393801898243665,0.7632168161224058,-0.007042644698119016,-0.17686723159031323,-0.483934867783511
-0.9763565809904772,-0.43650521710420903,-0.8199977588555288,-0.6806753410182808,-0.11101067165118633
-1.420240796295264,-0.027233193575482886,-0.42279245071533456,-1.2808171746129886,-0.008948506336904671
-0.8041075358765687,-0.17581831783649832,0.15514977278822198,0.01632211258942881,-0.3650686973677203
-0.4309677604478025,0.013479004804485809,-0.6165259798350565,-0.10048813152585785,-0.2043825703054238
-0.17992826568354667,0.17252229507166697,-0.9058184782872001,-0.8511162111300916,-0.3010388875784955
0.2561811536748519,-0.7112956939700467,-0.21680821821846144,-0.758883797658239,-0.07506729914550594
-1.2844136899477359,-0.1476856842372322,0.04578028991994702,0.3136111565689856,0.03362875219193604
2.619856500680626,0.9821553771624345,3.531947167583237,2.92974283074558,3.879639467532087
0.2968050514669176,-0.45258756709755543,0.1831692898558191,-0.40592024296341117,-0.9027781411254926
-1.7500919765702034,-0.05135893951790692,-0.4228066056258816,0.9411511845074934,-0.7072138172099656
1.4938911792186553,3.267681200911655,3.337612780032486,3.4458469253682256,3.3739554869765764
0.10343293964254055,-0.7360284353793141,-0.9707268806327862,0.8649291026480888,-0.6198606927918393
0.5113579344773562,-0.33893514582794715,-1.018696035486713,-0.5566653630192954,0.009573126676667276
-0.7343327432897127,-0.2020802808866327,-0.3715074914828586,-0.8158402847416109,-1.16423808284351
-0.02914818615528804,0.6725848038782337,-0.6199322788823436,-0.5459713058344928,-1.0490149329515148
-0.1508870075640307,-0.5508672991281475,-0.9259716855089016,-0.8265058955802821,-0.46495803111238637
0.3173852418402187,-0.25977475927420024,0.2724026833686484,-0.20019380157839936,-0.5872236352910833
-0.9449325311587051,0.5130457009244108,-0.9707455869828084,-0.8708309815756314,-0.6476123857227021
-1.1273057600136451,-0.46219095269102567,-1.0372752049179033,0.537268793817563,-0.012982371309859816
-0.2329319939352489,0.601182864540133,-0.2629826922262208,-0.1401385310396346,-0.23695527159816532
0.20973915339114838,0.18920206680388166,-0.4723636006972736,-0.7599185539356804,1.269800620771442
-0.022812832774559713,0.5463642837832091,0.6367284179500688,-0.4053289534275562,-0.027361957082482305
-0.04455617491580384,-0.994460485806143,-0.6021456447103563,-0.842045744894841,-0.25788935596389817
-0.06712755111680418,-0.7259357226561032,0.24698393366365942,-0.7815525913404936,-0.11947106733570086
-0.521015849623958,-0.11354781031704739,-0.7514766039671752,0.4117458359718946,-1.179141760815151
-0.03326563938889331,-0.6442148616790734,-0.8585534491053742,-0.7244595771248731,-0.5886916697920461
0.165339015397934,-1.0282196329025204,0.2340782545329841,0.4121815473516716,0.06698956879062962
0.6141897154042387,-0.7817767409299909,-0.2605077840509834,-0.7106983234081597,0.40192784114424684
1.137630738965384,0.32929861708748304,-1.3922466615730695,-0.5989872961131847,0.05671368281705024
-0.9615865349689804,-0.6918398983721901,-0.5655131089498928,0.2507715294868808,0.30747691385172765
-0.6664011692166857,0.05836044686868962,0.4275844247664939,-0.06910528761284075,-0.2854470637517732
-0.9548683288231788,1.7819716785143884,-0.6650830153972688,-0.2079793706289689,-0.624046982147097
0.33267023684783587,0.036558372676648264,-0.2697359473441251,-0.0710323052957236,0.3007999007362228
-0.5638684878089524,-0.03770746383102144,-0.4221180358463204,0.6940798874314649,-0.48620487789291134
-0.4826898480853678,0.4383538894839502,-0.14720926839927775,-0.30527100354912146,-0.34897451706131055
0.14206893429699252,0.8638730923562609,1.1848317939409232,-0.6196415387387477,-0.6408028711578236
-0.7902599663046715,0.4639165936508002,-0.5316170070574944,-0.05539455085943192,0.5075709394363079
3.2065820793276485,2.442403123170157,3.0989936773484192,2.8590428447457157,2.0184605968079543
-0.27542799291032677,0.3150385120572636,0.7841776045433255,-0.12588984068013437,-0.07217691568717616
-0.4246375471326347,-0.6128844327795646,-0.9899035743301628,-0.1584917055400032,-0.8469963503557695
-1.068251894054082,-0.6917494954389989,1.0995550987987292e-05,0.10153006701734218,0.3575675763680416
2.438803657228518,1.7398249504454373,1.495566627050067,2.193663762858474,3.5688212846108534
0.642244647547622,-0.39768600515110214,-0.43558389601960723,1.2095026861775546,-0.8220931819102643
2.957145040488452,3.676545932258563,2.4607752916989196,0.5947426525933197,1.5478658272544352
0.037430241808958924,-0.15359824104385836,-0.830936703547967,-0.377139131440997,-0.1216005956394915
-0.4113675804187193,1.0282650329679226,0.3897297975329715,0.12560631638384598,0.3062395451603643
-0.03151181049060776,0.041122772020473895,-0.4225542325463618,0.4106110347807005,-0.7216001036246453
-0.9149001562707558,-0.003717011583967246,-0.24797209048785557,-0.4253457854476791,-0.3948384383984479
-0.4010773762160884,-0.788406996264175,0.10516097583361758,-0.9688625823327542,-0.5852125354346062
4.008827783490072,0.980451996282543,4.110882558972581,3.3841542376104052,2.693771922064099
-1.2321419018829638,-0.9689491425221215,0.36713472056350777,0.4007800791989362,0.39816131947418076
0.23901043493687393,0.6596938925946548,-0.19655357495885803,0.5952874232736332,-0.29605913681429447
3.256799563075122,2.8214832528130436,3.2930639830618857,2.4588140277917554,1.767092264715601
0.46068955121027416,-1.0121099901187418,-0.4210412843614204,-0.01865551803013322,0.3282200659803693
1.9795025943875535,3.3766442929220015,2.284267826090831,2.4951618167812337,3.188123144946238
3.141823299648079,1.233366525530003,0.07009263373330277,1.6579699091850664,1.7872822114472795
0.29147618614123477,-0.1299484171753791,-0.7002499050543602,-0.03130017979266274,-0.28454259934152826
-0.7464384305733733,0.4435695528297418,-0.08744815263160996,-0.6248318243455371,0.8893883336033688
1.3164782714883265,3.469646352971196,3.1025895734668887,4.178937192945767,3.000528633501931
3.5609719718086845,4.087092720204383,3.6766299087586516,1.8682079724025464,1.692847796182695
0.7218664775601764,0.5280650364660308,-0.48108236251631786,-0.013357743303003567,0.02944961251234664
0.6973787471839759,2.315370023650641,2.6875891086256685,3.360845551083718,3.248548026599346
0.5920265112329087,0.18639781493054192,-0.3796201214533037,-1.1525844601152275,0.24177203677424364
-0.43272124679861385,-0.6427632270050857,0.741265435677906,0.28082882760188577,-0.6197913713976962
-1.3655714481870103,-0.1780318028434657,-0.06325561326440442,-0.26533840653647095,-0.14650992276637878
0.5773727441830657,-0.036767473419750445,0.2787806648870688,1.0401451470024883,0.15227103394618968
4.492970784957052,1.5943814063255957,3.1897192724580203,4.192004464091735,2.197368482255158
-0.42331690557155083,-0.5764358312413507,0.5540639900805896,0.014377055475114505,-0.49779793320664734
-0.3099847611879185,-0.29042680700003554,-1.075934322621954,-0.3798347041180155,-0.6768445947620387
-0.21092422474052688,-0.18257878637817995,-0.1523257870961924,-0.5513061584812247,-0.5613510822494656
-0.11191160454909208,0.09576675034912015,-0.08034596584493173,-0.30681715638923646,-0.3767842603430018
-0.7651073003309704,0.2918518589432309,0.8797299755841559,-0.07481949399191351,-0.39363337294061035
-0.07224054065131787,-0.20654454248246254,0.20437156753741514,-0.7902835511596255,-0.15192578113976013
-0.07656718760791417,1.1116689103769957,0.03020194126041592,-0.15147396130981877,0.2226681709573752
0.161332376939353,0.1740294732754027,0.06404006298997753,-0.6452366488449903,-0.9563047788050381
-0.5760919752978768,-0.6148518624788613,0.619030807027127,-0.5568035146241685,-1.1119123455718003
-0.4967281700653061,0.032055174588788385,0.637205495149322,0.10166149445048178,-0.3793611419938841
-0.16652925903667265,-0.5153795899153191,0.2726680403736822,-0.2744789780786553,0.3898665032614755
0.015292894284521685,0.18863951435283077,0.43206137294099106,0.4580175712106085,-0.7996594466757702
-0.026274288288201237,-0.8429702734986673,-0.07014844311781676,0.18527982117973152,-0.328238605843072
-0.6381186486873193,-0.2070569017842805,-0.2336788259960476,-0.03583373635943077,0.5457921370600466
-0.07554532770707295,-0.727889348602995,0.27462818437129366,-1.080215913366556,-0.6412520294217425
-0.6112951231912026,-0.7654891239059896,-0.4018035956159649,-0.04585903707306258,0.31691349119280027
-0.9788439535898069,-0.648375727808289,-0.4245570511555431,-0.16797904122625198,-0.44096758430697963
-0.6090847976669511,1.1837610575841226,0.6063120498224152,-0.41593860837548235,-1.6726978703562572
-1.176758702827931,0.4928478922495147,-0.2852430190173157,-0.2859765274936403,-0.14186902796377202
0.23423654682871428,-0.5635641218922712,-0.5980702207959814,-0.9298226200146137,-0.6588331871128897
-0.06239880373007491,-0.9669296907203042,-0.8034552221884895,-0.24661888067646712,-0.09785222323260195
1.4525370384897665,2.479328439694821,4.791277601510934,2.7954040614238025,2.472122317519765
-0.6333075664234705,0.025419745346600728,0.20991939823061978,0.1722245932372146,-0.38340617571079144
0.6693690839078941,0.17253910740411582,-0.6287002937196662,-0.4343814916803138,0.2242301547936882
2.5326015250522746,2.4554191616879897,1.416463268975592,1.6346494840063586,2.659750244479308
-0.2169635248015791,-0.7383583882200943,-0.08119658127024293,-0.2127851762269588,-0.22273742726779885
-1.1939264740770579,-0.4422121541690976,-0.42918762664350435,0.7854390180669627,-0.7984083374458886
0.4584125172842706,-0.6081293551274798,0.3414652717304116,-0.32080420877198973,-0.10796930752994811
-1.1034115958136475,-0.3364411067252006,-0.122238920164411,-0.0024477697842638065,-0.622567295041203
-0.9251597639157852,0.38131450676213235,0.6733992539185202,0.3338561602803718,-0.3311543517701621
0.02997168127840703,0.01874029018521027,-0.33432824225477575,-0.4881733038796569,-0.21654621568525853
-0.007335119079795198,-0.28923380514872726,-1.1361194464197988,-0.29781465031538956,-0.17657852840103314
0.39491868969505745,-0.010037926095003872,-0.5072806726324111,-0.7927759892553602,0.001302127299336712
-0.46930280245233497,-0.4040684117779468,0.22264924675307754,-0.8408397324383104,-0.8534068501642416
-0.5633479434350853,0.12553793647745543,0.41658453815418794,-0.5702108217509974,-0.26530065946908105
-1.5289435761244388,-0.09045746410856273,-1.0035853207388157,0.5007052938034111,-0.6115134419369898
-0.6850217185402043,0.17980100858672063,0.4055369485474156,0.272245379528954,-0.1823798745486424
0.49694259097440524,-0.8207251068722875,0.46496007142976636,0.1778048066002662,-0.33477734115034413
-0.7201710718977881,0.12331893069494543,-0.022551232290043906,-0.41869488994425724,0.0545941237279008
0.460453564527773,0.025385718860869294,-0.43993361426508226,-0.6286638782539622,-0.18750270240382025
-0.45914853724629867,-0.5895657951224467,-0.23347685366109835,0.6435168159013368,-0.038815901030051427
-0.7797635722097036,-0.55751282451714,-1.089746616631498,0.8626717399406415,0.05671941216983067
-0.2089177441381679,0.14079251613060648,-0.47086409063125456,-0.19549741651845043,0.25682913384734996
-0.31097635015601605,0.009006143218875853,-0.9133749697922281,-0.4863828521858364,0.13984334843848353
0.401412946598114,-0.5409446452406801,0.1729309562263035,-0.757006169694572,0.029823160386076866
-1.0110405398678193,-0.4999456791957177,-0.29200418193379735,0.1400613259238475,0.09293763953849143
-0.9313374173841442,-0.7924771182943912,-0.38839867247475035,-0.01239062973576578,-0.41972087970147726
4.2856380468876605,2.301214956237287,2.4928339691291734,3.273592138962703,1.184898309666363
0.025372449998218246,0.002279634927975221,-0.5557331451354723,-0.6056806395143118,0.644654154443618
-1.343173150927017,-0.288784132848624,-1.1285636243831882,0.7007763149233283,-0.28436736308404964
0.919972271180752,-0.2561990462009127,-0.3175865125776354,-0.6847046490559117,0.41837146840231987
-0.8405447095572545,-1.7755186892628807,-0.4067738561811973,-1.1001476463046802,0.4594402306288541
-1.1109266859634874,-0.414278147444,0.25050776198471253,0.027475554085089178,-0.2569475706460712
-0.17340988625835946,0.7101744418286824,-0.3855354827815203,1.321088582936892,-0.8062747329764222
-0.36253986810645394,-0.7478268266382805,-0.7029098366555395,0.4494114524581039,-0.2803619371394091
-0.0013905862838289457,0.17860920926579965,-0.7799337745039305,-0.46776384300641594,0.2223646068466174
0.9141341004204196,0.0541717648592082,1.2198026134547686,0.39939332560438784,0.025581393857062762
0.08975777827121624,0.1714598797642716,-0.2302767523255339,-0.7338976487431762,-0.29714880180099545
2.0186663357427452,3.5077632532609906,2.634958701577392,2.320084963913648,2.4242357947808895
-0.018172325128648217,0.10465201843154878,-0.04134043637799414,-0.9906096004681262,-0.9003072071136139
-0.6282023422415627,-0.3678720555314023,-0.4636609596436263,0.1922608179914182,-0.8858751165900199
0.6574414541609499,-1.1230669448095598,-0.6801712964676444,-0.7131242266833273,0.23722249515002275
0.10626161189947593,0.3325886866814409,-0.06751981229105625,0.8814107403171273,-0.9051920433030409
-0.9181261019793612,-0.5077113988255371,-0.2730245059989371,0.5608271736123027,-0.1478686485645196
-0.9077100194105272,-0.7352687070952401,-1.2695355325847575,0.12845200788137745,0.5904973239071521
-0.4467689987928313,-0.3059752000975355,-0.41768497725482673,-0.16904125745244294,-0.23964209808651432
3.7416682336834106,1.70807110413296,0.6936095288169785,3.627300269763153,0.884917287047776
0.36290734976960126,-2.0049193361470463,-1.4430836567262102,-0.25505208279515645,0.2968472781464912
-0.9171096914238184,-0.1523094289259481,-0.5379202938667009,-0.09027924153438403,0.23816200154751765
0.015127962418647545,-0.9382531806829587,-0.23322114791331747,-0.09720300457763485,0.11289626942380036
2.6714256400769325,2.437535534908748,0.7714886363711763,1.8051164334229364,3.7924582545046377
-0.2844088784881327,-0.7360568600916557,0.44900037004889093,0.38812057581532555,-0.03232693359348619
-0.958853325772554,-0.21938925397445933,0.34530514258595857,0.6214970340827439,-0.47815803346853486
0.02772832673243123,-0.6529302183990886,1.2280681781567597,-0.09698441698166416,-0.5907572875974539
-1.7416796257932352,1.222525112490373,0.5699042597268777,0.5513646123268402,-2.2163009539294927
0.5608047656064957,0.3010330897164484,-0.13263634477199576,-0.29296605671029735,-1.015063653995119
-0.8730803224658238,-0.7048287280391312,-0.2849791163036346,-0.19922904993026413,-0.0677686710650219
-0.8419689067904988,-0.4354965932726076,-0.5734877782450815,0.009095058792973836,0.31746160901064546
-0.8440979049593181,-0.574675357940439,0.4829882362202591,-0.5591547322451664,-0.55417501470175
-0.21645887193718735,-0.6377961821643867,-0.08856952239554501,-0.41280003198010135,-0.681955928622733
-0.2761700552391905,0.6364649035848644,-0.39468192290105586,-0.7674886417125811,0.39825628334230817
-0.1269199252977691,-0.5155124806848028,-1.307964808694934,-0.8864412800176245,0.4001811112514619
-0.541251093753073,-0.06995368887854003,-0.4429334921641964,-0.3970222722668799,-0.6211765397698474
-0.6153441534385358,0.1456677007161753,-0.36658059910508317,0.5998249605917552,0.03860858818699097
-1.0314605545569866,-0.7368627674080783,-0.30712364302478473,-0.43199754743825625,-0.3926745478007326
-0.782006177862107,-0.6203762116972066,-0.3783814740437254,-0.41207187866494,-0.03612173085967245
-0.07755605981031366,-0.5422197751666286,0.22257002929459452,-0.306444575051242,-0.3459163304362847
2.0577692679435597,2.502187085985017,1.5716759673131173,4.504427820338941,0.8591016459858024
1.0567380625891019,0.4160070967696492,-0.26281949381483327,0.09925411763396244,-0.12378065620882775
0.3201749760597864,0.1637547599823556,0.03254604355369859,0.40963205092096505,-1.1511777313187177
0.31156477301691893,0.23112277494373945,-0.6772207719899016,0.337762077849202,-0.8838693132690814
-0.19376943874744265,0.675443480775002,0.21657932787961454,0.4882493302318227,-0.20424163516481067
0.5518474010440616,0.10760793283790221,-0.6466510991445665,-1.3816918068290496,-0.17172047929345685
1.3974475946346514,-2.010833108580158,-0.5911868380119325,0.30981269705291803,0.0933551107258959
-0.09502377427968646,-0.06975673165708268,0.8098071716368965,0.21860952127446598,-0.5279286711354122
0.2777974588494193,-1.00210816086836,0.36028749739665017,-0.8164495486471385,-1.1628440876374564
-0.6751927517841951,-0.9462262520959162,-0.3045796602971126,0.0065608853023252315,-0.03574242064240202
3.422808268190837,2.2266710081303507,0.5021768472677118,0.9461692208088798,4.238780594681314
0.47907117840930413,0.2809226767311717,-1.1252007884477409,0.20584573432516295,0.08356636906742464
0.6043909270039436,-0.2360311249169504,0.011555317292112701,0.1698006213463977,-0.09536105939727005
-0.39993777578761797,-1.5946061413420463,-0.839983302531313,0.2932081969377759,0.3510364773689048
-0.1055414175436208,0.31086963963693903,-0.08830107736770812,-0.906964398007629,-0.01932172084689684
0.4474849974246194,-0.9770534238599569,-0.5895356200790284,-0.7229999067385301,-0.7197172762118185
0.5026572656003244,-0.05081571202319168,-0.07098304766993674,-0.3389616674873466,-0.9665122307052776
0.9743049561063172,0.3412233234303856,-1.065515383549675,-0.11453583976565732,-0.8476888468504601
0.30643453678848515,-1.4506422084748904,-0.6517502796799627,-0.3123748886016942,-0.7647427532515582
-0.2503730901436033,-0.5764349960989275,-0.1901175129120839,-0.2555255027323665,-1.8786739252091547
0.33311004533971195,0.0137132555145658,-0.2666563655124378,0.7426506592276122,0.20917255538026386
1.6135221580080743,1.373425192668926,1.9779757892678118,2.7714055707643968,3.188396552014616
-0.6189689307363251,0.37721213871086035,-0.4895489473543086,-0.0531389411347886,-0.5758204043864833
-0.2636192124169116,0.8911151649067807,-0.860049489517161,-0.17503594665744984,-0.25280458129371264
0.6229474275172799,0.21451303529450869,0.5417231214074493,-0.8855306272765828,-0.7758334208712515
1.6586213829060823,0.2607115272051683,0.45242471370215664,0.16618245521959202,-1.097910135143494
0.5592820220422781,-0.21932202846317278,0.40167754354123164,-0.8178531988599005,-0.3286405133411072
-0.6360925749347163,-0.06509866139026764,0.5069168511509605,0.2152001460320486,-0.10963820421785564
-0.18731697901517286,-0.8897648798288161,-0.6025016953529052,0.6295952227282601,-0.2417405052125188
0.49898328821288107,-0.9334906457130264,-0.4240499819547738,-0.17616136728315107,-0.5394845084114804
-0.7173098012412445,-0.3380796962956028,-1.3946638147978083,-0.6305819440962532,-0.5850555449718755
-0.8814013951678241,0.9437644347064115,-0.5876004576981748,0.2123761979171411,0.038809704235500855
-0.19426037253712888,0.02649662720308334,-0.5868371171821325,-0.060503266442322734,0.07855082472094715
-0.23966549789299774,-0.7189520047862725,-0.43481376179882525,-0.6106378970600197,-0.15045428612032924
0.2311281569988573,-0.8125440439933541,0.13710684774447193,-0.9196382291060026,-0.5430363844784974
-0.9929391321269737,0.5795850165646564,-0.15329037528129244,-0.7875776136916388,-0.9852853849287968
-0.3189851936783114,-0.5413210232438462,0.027128068746973374,-0.22840401992798906,-1.3728676628968255
0.5594497107321256,-0.43284877756720735,-1.0182088768005961,0.14983608002113233,-1.122669027963345
2.0034475341571865,2.367725987686291,1.4452270465704191,1.9629232482594938,2.6215823333521326
-0.3955765791887273,1.2744765439152634,0.4500085948205072,-0.44928844147862596,-0.7196096287319816
-0.4182395402396613,-0.22933859828305014,-0.07679192175064148,-0.22905885951948515,-0.6232537185015057
-0.14258976005686103,-0.44174714095043494,-0.5817193997392596,-0.7911901012945003,-1.1049238052391275
-1.5883723277111743,-0.06144508242735338,-0.1667205568424936,-0.2536710910092644,0.2864281893995358
-0.24950396703383795,0.07901663962709662,-0.4849892191760633,-0.24538498090999003,-0.26723495142433545
-0.22855757567920582,-0.15841413636215956,0.19358158612961052,-0.22414548481686697,-0.6263534437964579
0.294310394947801,1.3623991565545899,-0.5056071798394385,0.4347093845567386,0.0869000053093902
2.130170359728676,2.1036426524065646,3.283374242714432,1.9284739183157948,2.447086031745725
-0.8557543539211164,-0.2963844910905254,0.029012744159220304,0.3073891464031722,0.5724725282770331
0.5282667933328923,0.11956566306111155,1.0450411887371014,0.3420165430602266,0.4233102382417791
0.09942063009670356,-0.15191245496298275,-0.4175839373348294,-0.057145064122379685,0.33797267480957666
0.061320093242973384,0.12050263215345089,-0.07990495447949485,0.8436982242171431,-0.25848991649020425
-1.0035685005951613,-0.875293380674683,-0.03442119691806122,-0.12228452874029103,-1.107624934498354
-0.5261833736728918,-0.8420588312807289,-0.8479339909642961,0.4123644061594594,0.07382049500611644
0.32407936658397907,-0.1761658419603452,-0.31799101745129416,0.6098284404037165,0.21210413242298295
-0.32841648113490346,1.03200981166146,-0.2451882339484221,-0.7219081627637683,-0.3064765367371941
-0.06770677156113673,-0.34114479699091,-0.9578102878170796,0.5291056611481979,-1.069639193945816
-0.14505723258606518,-0.6765638917070569,-0.6761510130731981,1.2670151228259219,0.3596603366288918
1.9516998684919626,2.63211396773664,1.2603850354157555,3.1615036291965555,1.9845235933565666
-0.3924144521072921,-0.23781175978288463,-1.2503976419999583,-0.267224399840254,0.13339418886622736
0.45633785107421493,-0.025849295298618742,-0.1722148619954326,-0.13964186002800189,-0.029724105488360342
0.47681908029404046,-0.24123342827395694,-0.0951823965865965,-0.8366443588033773,-0.29790120330409847
-0.03903799440931197,-0.47096517325105347,-1.9012285340777602,-1.0633088344590462,0.2080303268252229
-0.4461346587325887,-1.0128420993684004,-0.3915299735419246,-1.3449958052278728,-0.029792483327151946
2.492031978608406,2.9256294286149727,3.3764602406783584,4.586089225122122,2.2224937760022736
-0.5755504639857615,-0.28378909999338126,-0.8754413407909879,-1.088114614697562,-0.017473988140019773
0.02396374606848809,0.26356065498322956,-0.4639643634715174,-0.4805177876197207,-0.7064007032277885
0.6321186685128135,-0.7465762898382526,0.1665608746175232,1.1359029953647666,0.2880016804628825
0.19425608819479837,0.3299345755875665,-0.07227095682297525,-0.37765124947641654,-0.15216550301323972
1.5583287905410794,0.7584820326930708,1.2572796464568978,1.7986145891768148,4.474803160559389
-0.5031739914605661,0.2937709568181678,-0.34019219812168844,-0.7226353848482164,-1.0763009563735022
0.4614464479625517,-1.1391317457158918,-0.425552446317492,-0.852835417181651,0.7625579791589887
1.887441146226871,1.3193908608131455,3.2813631621564334,2.4924361768788508,2.2356444276201297
-0.49164696300855215,-0.4526304769813511,-0.1980717603563525,-0.785603729891386,0.32851252484121835
-0.9761987863974902,0.4016463142242123,-0.09113887608264896,0.4235666061056859,0.17538032895792385
0.23978908404903249,-0.8388041442673766,-0.46087102962418847,-1.2071301778284813,0.12412412962301281
-0.4745447123822495,0.14527685468884133,-1.394538708986749,-0.17700240085831337,-0.46631701019318356
-0.2046916965350619,-0.0389810710201867,-0.6257484516905428,-0.5803780881267776,-0.5401503245525556
1.0048656838387515,-0.6059481007071524,-0.314934197892055,-0.931352692324296,-1.1585377050289671
-0.36084798173599125,0.6491725201526191,-0.09610479197793433,0.14593480439551623,-0.3902215711574364
0.3597483884533704,0.34160063961245607,0.7930554969163398,-0.9816193881527552,0.2459226170891003
-1.191710173657892,-0.6646332708200283,-0.7923011520541746,-0.8978939395370169,-1.3728221980408637
0.1890810228931224,-0.40794818682507955,-0.6681342117959487,0.26903987171698646,0.28139888777276995
-1.1670179892601018,-0.8501006735862333,0.5395857798942577,-1.3049871430812008,-0.5208121456320742
0.19435266518259078,0.31058612714495604,-0.48899002128711416,-0.7790645608085227,-0.5640558258921696
0.6117778636945008,0.8068621101412554,-0.40185769791759485,0.0581362562547291,-0.2363643170973367
-0.7906602023360743,0.681444618570421,-0.1640858733819048,-0.5892030051626114,-0.11507087898455945
0.07502564780840551,0.3085093072087261,-0.7619705845695214,-0.1316270064950292,0.9212993844987454
1.4720371948262134,1.7252733999794925,2.59223106407977,1.6028426699787937,2.4862860738628556
2.959291398616664,2.0621776125745517,2.2473962113522563,4.146641437543043,2.6196264840047077
-0.10212242596417996,0.12197614158161246,-1.3634371678369708,-1.1494854641093146,-0.4111544036052359
0.102313379064068,-0.21597735862640072,-0.2391478832486903,-0.7233392031363394,-0.6992683192623271
0.43984879435921115,-0.8894546946775004,-1.0735136093728623,-0.4430647502553422,0.15228799749320876
-0.6573799501800025,0.3654872719704094,-0.11215639257878972,-0.36702281046839885,-0.47611163637821063
0.18621379570968263,-0.34029899500710953,-0.3956885753356701,-0.4017539112457845,-0.14826349697917324
0.25621611311581055,-1.3342122819092173,-0.4516835884296645,-1.413371243167186,1.0060123428549725
-0.1244118100039853,-0.7755627689447979,-0.3949395954493301,-0.3434800261246149,-0.2545584347667727
0.3412847788683177,-0.9056027216006629,-1.4115435783248367,0.6689364373490442,0.1273575501927607
-0.09383283732357371,0.020353250832610196,-0.9953640012250161,-0.10064296078863623,0.23747394210768244
0.5525097716711608,-0.4211011871743314,-1.0238065290546678,0.7956272862123756,0.1591326592847325
0.05702406159393404,-0.19663543336969685,0.7656196960977392,-0.03630197192588083,-0.5689593647380268
0.42059135205897014,0.8558422256356524,-0.618610550044576,-0.6406703141289614,-0.6570816772308409
-0.3663997482726163,0.7507302960001809,-0.6252179045221472,-0.27131276076658295,0.820923187732044
-0.6162193126761063,-0.2402647294901688,0.2258229527823781,0.6768598347695169,-0.3125154661877994
3.4180321958676587,2.56497676794152,2.8461363288223644,3.7615116840368548,0.9107573794097792
-0.40291449803506296,0.15797466016649236,-0.3656506049326254,-0.4948298019289761,-0.20183255239208356
-0.11659030120629821,-1.2299770112018464,-0.3318442537007989,1.1821637058373566,0.35962111616040326
-0.04880893635043353,-0.009495126974039054,-0.5533406173072954,-0.4546813680107316,-0.5932198241544676
0.30686928905191646,-0.9118275012179945,-0.26937927529256306,0.4750804748104972,-1.2777435912251167
0.22250000579172943,-0.1980504799533713,-0.6836386060433709,-0.05617963084150234,-0.3949261848195638
-0.6509002563246946,-0.666595971317809,-0.41843105707373285,0.3549480392927937,0.4286660896288869
2.8660579070342806,1.4267301684142388,3.0930233652746244,3.8628499930086204,3.480080400798734
-0.36693942984975164,-0.13121192314399502,-0.05877987329485813,-0.6176468328664948,-0.389495147768101
-0.8592312542411852,-0.7507714747604628,-0.8269453362260567,-0.12357002791266108,-0.28896702381629774
-1.589206445952674,-1.1165136555672543,0.7031845054685583,-0.9202623576824371,-1.019952121916923
1.4057242834518398,-0.4796456252005995,-0.7704243316936052,-0.5623723246294415,0.07058627078081953
-0.016883020345554476,-1.2786774060766166,-0.2930401632029429,0.3780603052229318,-0.2862434846638567
0.49954214793153795,0.52487780143782,0.14576955938077535,-0.19171067450444138,-0.2806402283090237
-0.556649592421658,0.2815409030000264,-0.3833974674549013,0.13822669511987093,-0.4693738326460173
-0.26628433985857763,0.19328961527449545,-0.0837932680436014,-1.1914614263442644,-0.8642513301907947
0.9246770746900564,-0.453439417742245,-0.07116227814785178,0.5738269360675503,-0.7235798513073666
-1.0083111089323429,0.3172956767484775,-0.9153184091894118,-0.8584603077896567,-1.0223282040761221
-0.3486582049156105,0.06674308025376878,-0.4099026000958958,-0.976583102489049,-0.3380636643681306
-0.3919801788365402,0.469054753305939,-0.7366296279966384,-1.2596929366185852,-0.4043261353554024
2.766683639287106,2.686977898044217,2.077309706748133,3.400143672823403,1.8376048998807457
-0.2985479371000198,-0.9375686357209374,0.31244575123945045,-0.07944099341623288,-0.2081787798887181
0.8924827833670786,-0.9307567547350045,0.09436876230386168,-0.212288254332745,-0.16869995767030788
-0.0054257277447376595,0.383795736253371,-0.613679779877579,-0.2294940317496394,-0.9538080309943229
-0.2468606767761871,-0.6727396634339228,0.8648880207202557,-0.39043118843507396,-0.42169520796429055
-0.43548377842248487,0.3883896714194384,0.45386386757516217,-1.0434460544670228,-0.8838330898239033
-0.5221820366342703,0.06163693325686507,-0.781406295922293,-1.1429521861324956,0.3747531209855818
0.7840084794458357,-0.15176665679636583,0.4194794763251181,-0.6648196598015288,-0.5771078160851257
0.08688794681974259,-0.5554187694343342,-0.4499533421032422,-1.016007816026708,-0.3216938684988954
0.7624203127017163,-0.5594494460367192,-0.4391705706588024,0.05700515890701993,-0.9204732804653303
-0.5028297494352144,0.13408326076324317,-0.3798875606019491,-0.27399119554651047,-0.40619513687901204
0.40388586513953634,-0.7730121877541873,-1.0100158361769864,-0.002378447094233107,-0.46355411729067914
-0.45216153931866077,1.2181620949791923,0.33782646831199226,-1.283701888237777,-0.5236476753279802
-0.7898056541849818,0.19441099799135944,-0.3922379081143705,0.13385912912735892,-0.015746701955159318
-1.1932846371675576,-0.3668543539266402,-0.7992924376443431,0.1896295354206218,-0.46992570405538947
-0.6205443402256985,-0.5217828131280131,-1.3447864957259767,0.5321058936034246,-0.19541627021366484
0.053312524336693604,-0.10834856281565816,0.28195290054021854,-0.11062620419562383,-0.011884005491137304
0.6689497306897378,-0.8315198667232035,0.10254052727129583,-1.2400643429576275,1.2104905117739373
-0.45586092785094706,0.4409505455229546,0.2207733831178823,-0.1932594946176962,-1.2085396711804106
-1.3366296322115563,0.016963259597974286,0.2719560478243536,0.3064876562898927,-0.5071675004904812
-0.2511357292855521,0.1543368147097282,0.25459177722677945,0.02992795314474602,-0.10681363364564703
-0.3977052454748086,0.278451777618002,-0.4454934909218039,-1.0357999566950198,-1.055913456927203
-0.1226401609123989,0.09482194224146642,0.0715018284906582,0.4888399942087294,-0.20978932134429712
0.0206768973444667,-0.16068285770986931,-0.7303771952846895,-0.8055047071860845,-1.2577139824953978
0.0008178155315180122,-0.1838067535480027,-1.1134685122831132,0.24309690957179528,-0.924410289056812
-0.7314927041789886,-0.3812410905962561,-0.008674753812986713,0.018781851382519244,-1.1392693543707246
-0.7366822652375316,-1.1799443583387195,-1.1252122795521131,0.23477151108225458,0.5987790768053728
0.09434949247809735,-0.02049998135944732,0.2949876696713888,-0.9140042549436653,-0.8028063757007489
0.24536482975161772,-0.11703058283160907,0.1154193253821954,-0.9056234894074285,0.14215496899351066
0.597316748955551,-0.2260067834558445,0.255663361295552,-0.8227053859903873,-0.40957361013305243
-0.5886993539173281,-0.23715239001329674,-0.6085033109426374,-0.39734671685126427,-0.47216608673878074
-0.6306679048143395,-0.1865941927005183,0.055402130285529344,0.3575734099165704,-0.03118876276805696
-0.49059716085191923,0.13665784704969,0.4030450886758813,-0.6756553352642741,-0.23928639606548627
-0.1517380462800413,-1.4817468199891537,0.09030746723762592,0.2519862325567608,-0.9000742824225448
-1.042242068960928,-0.7518723534840661,-0.2723347711271042,0.38490512017157724,-0.016759787383410142
-1.4288988865515075,0.8432755343991396,-1.0195087742360525,0.04289085993868608,-0.13056540326907612
0.8167658273302011,-0.23743244520432608,-0.995439160978932,0.1931489948705454,-0.6240035112645038
0.7173543179951396,-0.8121282427122087,-0.314465595024645,0.6139281107071068,0.6062727855911481
0.25112718458636013,-0.003309459470147025,-0.027595750432009757,-0.9883180191639396,-0.4012961043662962
-0.6158400332344237,0.2894107672712154,-0.9158088308530653,0.4123241031949291,-0.4367692469167122
1.4494337534495285,2.5013668891819845,2.622008911318513,2.037379252720694,4.077537643657541
-0.5036550981063848,-0.5453123949283136,-0.8565416554732459,0.09352034233521318,-0.198321760659677
-0.3690623348099474,-0.8485684869489221,-1.3143948524357056,-0.5553727245028753,-0.5521942199030218
0.024697377513936494,0.2757424873503926,-0.6602868595746357,-0.6346356420451622,0.39382966781948087
-0.019977949740979606,0.8910376561786854,0.33547989171554965,-1.5373604166904675,0.0404071336127986
-0.1392420617544488,-1.3630405875000609,-1.5336365469609858,0.09430545544895647,-0.9692610994164574
-0.12150164191066912,-0.494033016545094,-0.703895673318172,-0.3883579596974004,0.5988105724394874
-0.4343203543929813,-0.18569151094550967,0.13790835770655016,0.10867331249105248,-0.43837139560696753
-0.4903301910378,-0.332456255724787,-0.418130525391132,0.8692468600165232,-1.3290205265040267
-0.6783683939650564,-0.5135825812884737,0.08251748898105721,0.06063907137866457,-0.23901984312438412
0.21096613994817257,-0.10883770130452586,0.33129860135379785,0.1539527598375007,-0.08261484302823455
3.6157669373357755,2.5970300237929824,3.0283571710357657,1.621974418411842,2.4910207008022547
1.28301472469721,4.123366867953207,4.001342931536055,2.0992254036307045,2.0025957425244223
-1.7333524193586578,0.00791955682091296,-0.4165797626563375,0.11400865216053276,-0.5076597770877185
-0.23567610284424548,0.6160389322243612,-0.14578831970497483,-0.3212787467927767,-0.46913506034832847
-0.10492763251834068,-0.7173636322084963,-0.6413271669256302,-1.04060878744397,0.14545136602684908
0.14807384611170496,-0.713977466206783,0.003121472744459433,0.29369476799852545,-1.2638126233051874
2.5100066328908293,3.170164983130566,2.926167635147665,4.430750683982357,3.61833347046509
-0.2971699750512682,-0.9361279431288534,0.1748089526591639,0.6465002709433473,0.12174547180678381
-0.7267461793409696,-0.9918296385884614,-0.8807435825951286,0.0021022385513801813,-0.8111433282282529
-0.9408242732411904,-0.19966221282912497,-0.4115624622335823,-0.2910919591934064,0.451893457016971
1.0084374985406523,-0.6347239386923907,-0.17760672369692931,-0.9177022791156206,-0.7722605687116436
-0.6308480075454903,-0.49227304884400946,0.6274238578629404,-0.7923421561930962,-1.0936686113112482
-0.779981484826731,0.5736734212195415,0.4780422675448476,-0.5713624694944516,-0.3839155089983993
0.49750158395452765,0.20291683774829278,0.7900128017395609,-0.3934194819332485,-0.6559830276352656
-0.0950893734766204,-0.07087862066239362,1.6756082866291762,-0.21570477501605928,-0.05355093239379568
-0.16817309527894295,0.8200111344889321,-0.526211587534986,0.3779153819295824,-0.14424486588235355
-0.5362696370532442,0.2426545178368085,-0.2439013433980296,0.06766847379842689,-0.42362701853613033
0.21627341305055872,0.24787151970174628,-0.4005641187729134,-0.430119384232768,-0.4511542725458554
-0.06480303668744108,0.1456150642516835,0.3613640508388678,-0.14065432436683475,-0.6935758491008797
-0.029503368694932967,-0.08591767045976645,-0.8581585195654619,-0.38472491249138013,-0.5843135059580159
-0.6408962204397096,0.019822018045750792,-0.6905180754438295,-0.21337848192219647,-0.3066416072086905
0.49743413493354344,0.4596405129920014,1.6432765803018425,0.1108424134973049,0.7364983595539079
0.9290091749741005,4.237967249341414,3.5383195196752433,1.6960596987452217,3.746917896145654
-0.21009184834585432,-0.23183109756967987,-1.3532867498519126,-0.5956662486900254,-0.5042406047822839
0.26312853751539667,-0.14289726712056122,-0.4850770525551068,-0.599583717353894,-0.2395352556624062
-0.502042338963491,-0.7864585313266282,-0.164788135400053,0.49153451648815955,-0.2393133311757476
-0.8694136178990907,-0.32577952374541763,-0.24942203974759433,-0.38269879428575054,-0.1383879201152903
0.026579119106217727,0.025357194271469763,-0.16811776842910256,-0.8112230664219865,0.4036039998039559
-0.0440322092231142,-0.2502921077619073,1.2885858016455178,-1.2239935369015755,-0.5683607283012069
-0.21268147530749554,-0.551643177007247,-0.13484600976537378,0.31936786557502794,-0.03147427165363331
0.01903627580994231,-0.012480891238495962,0.4129599089362632,0.788642369486204,-1.2793366282736325
-0.17581260643257168,0.20980111608971125,-0.7020753670567791,-0.4351015047293536,-1.035241231097298
-1.4898227646088649,0.7814878909695369,0.8780380197996952,-0.5235662611295698,0.13077139180181552
-0.09315377435157277,0.3120608286265495,-0.3295381327461453,-0.8009431679801049,-0.06359505937465564
-0.25366303196089746,0.6901064029045884,-0.1898973259398614,-1.141208616886713,-1.6614848087645135
-0.9168742264522571,0.4765849753085432,-1.4344397187785358,-0.9201980831966706,0.4990960387501822
-0.10179889961020253,0.4414250206909603,0.3405022722915104,-0.669627055527616,0.060914018527848696
-0.9371163603399888,-0.49322621505192216,0.038227253991748,-0.17969141694126406,-0.2886914461736399
-0.9178176250956903,-0.31729967236238593,-0.09632889852696273,0.268030058493638,-0.7008263427795915
0.15715028131407208,-0.8288587350000196,0.20314742177893608,0.5009877005603018,0.24581023012503128
-0.3285570730454827,0.7078114145434719,-0.42896674066160506,-1.194645313919064,-0.8382887749753208
-0.1546501681928961,-0.8435281141535629,-0.1636156943567691,-0.45737786543471887,1.0411213800148766
-0.6342109199784527,0.5863516436270398,-0.33698660510354805,0.13800141226016926,0.0005089879733048911
-0.43765755886345786,-1.2432437596680506,-0.21943010854008696,-0.029116497306603394,-0.14859489110636323
-0.6061782492463489,-0.11488175417934009,-0.7610681821838737,-0.4469236026361702,-0.37596195058207427
-0.7791108020363794,0.34989753431479975,0.3773707836497098,-1.1855950544551588,-1.0167116916010026
-0.5774722703302515,-1.1122631405466818,-0.6210218576179187,-0.3896451377267575,-0.24536385871596686
2.825779738293336,1.8411369566207105,1.328459872680715,3.483014900717579,3.2492251636775946
3.2885537866594112,3.6333103850182336,1.6388633504210768,-0.06283133990264414,2.2597549334949854
-0.5180853061387326,-0.8450517041457757,-0.2148572631472486,-0.3539181602857754,-0.4661965115548782
